Method,MAE,RMSE,MAPE
LSTM,20.065326451223132,25.298960883082263,19.993199587777873
Last Value Baseline,20.517316017316016,25.947791404816687,21.70593471638324
Weekly Seasonal Baseline,14.25108225108225,20.288503558009808,14.503686364169377
